"","pucid","form","exp.dermal","exp.ingest","exp.inhal","dose.inhal","f.dermal","f.ingest","f.inhal","mean.mass"
"1","CP.0400.030","liquid",0.216675596631746,6.37232213560573e-06,0.00346449030790736,0.0400717159292977,2.98303528062858e-09,8.772959228237e-14,5.51678842613638e-10,72635948.3707108
"2","CP.0400.030","powder",0.213759856909623,6.24749591421855e-06,0.00344667641032757,0.0400039423650048,2.94289345295886e-09,8.60110737775918e-14,5.50745784454241e-10,72635948.3707108
"3","CP.0400.030","gel",0.214878397243726,6.36274564101803e-06,0.00346618212608471,0.0401143800435496,2.95829271956435e-09,8.75977499260367e-14,5.52266211749842e-10,72635948.3707108
"4","Total","All",0.645313850785095,1.89825636908423e-05,0.0103773488443196,0.120190038337852,2.9614071510506e-09,8.71128053286661e-14,5.5156361293924e-10,290543793.482843
