"","pucid","form","exp.dermal","exp.ingest","exp.inhal","dose.inhal","f.dermal","f.ingest","f.inhal","mean.mass"
"1","CP.1200.060","liquid",0.997392786918069,2.3381641341287e-05,0.0149302949294851,0.179096377451175,5.72994441785233e-09,1.34325721060922e-13,1.0288948363111e-09,174066747.281278
"2","CP.1200.060","powder",0.994127413021197,2.24784249047674e-05,0.0147187202074276,0.176136747534667,5.71118509737399e-09,1.29136812492073e-13,1.01189199135229e-09,174066747.281278
"3","Total","All",1.99152019993927,4.58600662460543e-05,0.0296490151369127,0.355233124985842,5.72056475761316e-09,1.31731266776498e-13,1.02039341383169e-09,174066747.281278
