"","pucid","form","exp.dermal","exp.ingest","exp.inhal","dose.inhal","f.dermal","f.ingest","f.inhal","mean.mass"
"1","HM.1400.010","liquid",0.0413663722246653,2.08151275137633e-06,0.0361781537997364,0.431954195279427,4.10557360551971e-11,2.0658818629756e-15,4.28710483312649e-10,1007566206.31647
"2","HM.1400.010","aerosol",0.0480879651191193,8.66927806374451e-07,0.425238520349439,4.02434230690699,4.77268538957083e-11,8.60417708473793e-16,3.99412195613374e-09,1007566206.31647
"3","Total","All",0.0894543373437846,2.94844055775078e-06,0.461416674149175,4.45629650218642,4.43912949754527e-11,1.4631497857247e-15,2.21141621972319e-09,3022698618.94941
