"","pucid","form","exp.dermal","exp.ingest","exp.inhal","dose.inhal","f.dermal","f.ingest","f.inhal","mean.mass"
"1","AC.0300.010","liquid",3.8208774569368e-06,3.88915587660424e-11,1.72243147521728e-06,3.9992926576556e-05,7.6710258308397e-14,7.8081057364009e-19,8.02922303259596e-13,49809211.1954022
"2","Total","All",3.8208774569368e-06,3.88915587660424e-11,1.72243147521728e-06,3.9992926576556e-05,7.6710258308397e-14,7.8081057364009e-19,8.02922303259596e-13,99618422.3908044
