"","pucid","form","exp.dermal","exp.ingest","exp.inhal","dose.inhal","f.dermal","f.ingest","f.inhal","mean.mass"
"1","HM.1000.010","foam spray",0.692392849540271,1.26961090091884e-06,0.0665392595965783,0.914206005186223,8.36674618777398e-10,1.53417415738364e-15,1.10470950325535e-09,827553309.256637
"2","Total","All",0.692392849540271,1.26961090091884e-06,0.0665392595965783,0.914206005186223,8.36674618777398e-10,1.53417415738364e-15,1.10470950325535e-09,1655106618.51327
