"","pucid","form","exp.dermal","exp.ingest","exp.inhal","dose.inhal","f.dermal","f.ingest","f.inhal","mean.mass"
"1","VE.0500.010","liquid",0.000788540398237416,0,2.40156868322548e-06,3.99521503159661e-05,9.62991069573454e-09,0,4.87908597334133e-10,81884.4974945293
"2","Total","All",0.000788540398237416,0,2.40156868322548e-06,3.99521503159661e-05,9.62991069573454e-09,0,4.87908597334133e-10,81884.4974945293
