"","pucid","form","exp.dermal","exp.ingest","exp.inhal","dose.inhal","f.dermal","f.ingest","f.inhal","mean.mass"
"1","AC.0100.010","liquid",0.0205386875014917,2.29814756015848e-286,1.1498685984995e-05,8.19643052353758e-05,1.35218787533347e-09,1.51301161106219e-293,5.39621335303716e-12,15189226.198635
"2","Total","All",0.0205386875014917,2.29814756015848e-286,1.1498685984995e-05,8.19643052353758e-05,1.35218787533347e-09,1.51301161106219e-293,5.39621335303716e-12,30378452.39727
