"","pucid","form","exp.dermal","exp.ingest","exp.inhal","dose.inhal","f.dermal","f.ingest","f.inhal","mean.mass"
"1","CP.0700.040","liquid",0.0493498787352452,1.27239279242123e-06,0.00572293365824697,0.0671280145479819,3.99323731254028e-09,1.02958031612649e-13,5.43178826938644e-09,12358363.6214827
"2","CP.0700.040","pump spray",0.474295301642287,2.85413605579419e-07,0.0793271183574032,0.930298218378551,3.83784873280321e-08,2.30947732500184e-14,7.52768122764572e-08,12358363.6214827
"3","CP.0700.040","powder",0.0500160778508872,1.28124913551161e-06,0.00579382523308673,0.0682582504427903,4.04714405424546e-09,1.03674659101663e-13,5.52324341097523e-09,12358363.6214827
"4","Total","All",0.573661258228419,2.83905553351226e-06,0.0908438772487369,1.06568448336932,1.54729562316059e-08,7.65758213214434e-14,2.87439479856063e-08,12358363.6214827
