"","pucid","form","exp.dermal","exp.ingest","exp.inhal","dose.inhal","f.dermal","f.ingest","f.inhal","mean.mass"
"1","HM.1400.060.E","liquid",0.0380878010849549,3.54676367742084e-07,0.00076555355447417,0.0113017742862343,1.91168842040321e-11,1.78017813023877e-16,5.67254354873727e-12,1992364481.4944
"2","Total","All",0.0380878010849549,3.54676367742084e-07,0.00076555355447417,0.0113017742862343,1.91168842040321e-11,1.78017813023877e-16,5.67254354873727e-12,3984728962.9888
