"","pucid","form","exp.dermal","exp.ingest","exp.inhal","dose.inhal","f.dermal","f.ingest","f.inhal","mean.mass"
"1","VE.0100.010","aerosol",0.00350508407684939,0,0.000144243449576389,0.00228062595721352,3.27695761023108e-07,0,2.13219267290703e-07,10696.1532425872
"2","VE.0100.010","liquid",0.00283914394495315,0,1.80029007137963e-05,0.000227721334913479,2.65435982503408e-07,0,2.12900217254552e-08,10696.1532425872
"3","Total","All",0.00634422802180254,0,0.000162246350290185,0.002508347292127,2.96565871763258e-07,0,1.17254644508079e-07,32088.4597277616
