"","pucid","form","exp.dermal","exp.ingest","exp.inhal","dose.inhal","f.dermal","f.ingest","f.inhal","mean.mass"
"1","HM.1400.012","liquid",0.0573969181324859,3.72737095547962e-06,0.0602898978374682,0.652240147490237,5.76932420317225e-11,3.74661430741151e-15,6.55607477131471e-10,994863802.261733
"2","HM.1400.012","aerosol",0.0404077050555099,1.16296767836626e-06,0.165107198233679,1.92090276496563,4.06163184987197e-11,1.16897174841657e-15,1.93081983744773e-09,994863802.261733
"3","Total","All",0.0978046231879958,4.89033863384588e-06,0.225397096071147,2.57314291245586,4.91547802652211e-11,2.45779302791404e-15,1.2932136572896e-09,2984591406.7852
