"","pucid","form","exp.dermal","exp.ingest","exp.inhal","dose.inhal","f.dermal","f.ingest","f.inhal","mean.mass"
"1","CP.0200.010","pump spray",0.232741819771636,2.25161385016489e-07,0.0166431348756606,0.200322636870139,9.56868045053103e-09,9.25702714336316e-15,8.23583531785946e-09,24323293.1619866
"2","CP.0200.010","liquid",0.0243837604835567,9.94347133042967e-07,0.00108348755196732,0.0129536270505618,1.00248598416207e-09,4.08804484828959e-14,5.3256057739773e-10,24323293.1619866
"3","CP.0200.010","gel",0.0247610072460733,9.66230772972076e-07,0.00116762444755581,0.0137656392720257,1.01799567522258e-09,3.97245046769465e-14,5.65944717286028e-10,24323293.1619866
"4","CP.0200.010","aerosol",0.0242937568393106,7.16802954960851e-07,0.00765452259858252,0.0903997333126019,9.98785677478817e-10,2.94698152173366e-14,3.71659103520909e-09,24323293.1619866
"5","Total","All",0.306180344340577,2.90254224599238e-06,0.0265487694737663,0.317441636505328,3.14698694684862e-09,2.98329488801355e-14,3.26273291193808e-09,24323293.1619866
