"","pucid","form","exp.dermal","exp.ingest","exp.inhal","dose.inhal","f.dermal","f.ingest","f.inhal","mean.mass"
"1","HM.1400.060","liquid",0.0193013805803234,8.15243594975539e-07,0.00648361034273012,0.0782543387985373,3.88633831451358e-11,1.64149523171681e-15,1.57565327456274e-10,496646946.773576
"2","Total","All",0.0193013805803234,8.15243594975539e-07,0.00648361034273012,0.0782543387985373,3.88633831451358e-11,1.64149523171681e-15,1.57565327456274e-10,993293893.547152
