"","pucid","form","exp.dermal","exp.ingest","exp.inhal","dose.inhal","f.dermal","f.ingest","f.inhal","mean.mass"
"1","CP.0400.040","liquid",2.41390922808265,4.33243073144206e-05,0.109610888077759,1.26999410225474,1.4837465915745e-07,2.66299546653446e-12,7.80621490907064e-08,16269012.7936273
"2","Total","All",2.41390922808265,4.33243073144206e-05,0.109610888077759,1.26999410225474,1.4837465915745e-07,2.66299546653446e-12,7.80621490907064e-08,32538025.5872546
