"","pucid","form","exp.dermal","exp.ingest","exp.inhal","dose.inhal","f.dermal","f.ingest","f.inhal","mean.mass"
"1","HM.1400.012.E","liquid",0.0235561125666902,0,0.00456215903346332,0.0523365253941387,2.94255482576662e-07,0,6.53771266062594e-07,80053.26650304
"2","Total","All",0.0235561125666902,0,0.00456215903346332,0.0523365253941387,2.94255482576662e-07,0,6.53771266062594e-07,160106.53300608
